{
  "r_cos": [
    [
      0.0,
      0.0,
      0.0,
      0.0,
      0.9889786243438721,
      0.29489704966545105,
      -0.024982345699897754,
      0.007402452640235424,
      -0.0021754007320851088
    ],
    [
      0.000030306517146527767,
      -0.017258530482649803,
      0.11244918406009674,
      -0.00027375295758247375,
      0.3946223671947347,
      0.06473962641387607,
      0.0050158146768808365,
      -0.009017078205943108,
      0.00023299557506106794
    ],
    [
      -0.0035085747949779034,
      -0.007740889210253954,
      -0.019238369539380074,
      -0.004338215570896864,
      -0.01707017421722412,
      -0.01595107652246952,
      -0.008797697722911835,
      -0.0027677465695887804,
      -0.0003153726283926517
    ],
    [
      0.0012443774612620473,
      0.0018073361134156585,
      -0.007023670244961977,
      0.000234402425121516,
      0.0017306806985288858,
      0.003982230089604855,
      -0.002272964920848608,
      0.0021430065389722586,
      -0.0004695240349974483
    ],
    [
      0.0004951803712174296,
      0.00010301961447112262,
      0.0006218982161954045,
      -0.0000361714992322959,
      0.000459781993413344,
      -0.0011883215047419071,
      0.0015523011097684503,
      0.001801402191631496,
      0.0007655859808437526
    ]
  ],
  "z_sin": [
    [
      0.0,
      0.0,
      0.0,
      0.0,
      0.0,
      -0.2114829421043396,
      -0.04368766397237778,
      0.011270688846707344,
      -0.0033141719177365303
    ],
    [
      -0.0012609786354005337,
      -0.008882338181138039,
      0.04093347489833832,
      0.06044723838567734,
      -0.40492475032806396,
      -0.04713256657123566,
      -0.00028245686553418636,
      0.00870777852833271,
      0.001710485783405602
    ],
    [
      -0.0005412710597738624,
      -0.009137776680290699,
      -0.013082815334200859,
      -0.01053211372345686,
      -0.01276348065584898,
      0.017182836309075356,
      -0.012362353503704071,
      -0.001533929375000298,
      -0.0028038574382662773
    ],
    [
      -0.0011634031543508172,
      0.007165416143834591,
      -0.014393662102520466,
      0.0011076449882239103,
      -0.006598849315196276,
      0.006964890286326408,
      -0.008261557668447495,
      0.0032563884742558002,
      -0.0006506771314889193
    ],
    [
      -0.0008520428673364222,
      -0.00014924361312296242,
      -0.001169409602880478,
      0.002478198613971472,
      0.0025256099179387093,
      -0.001493512187153101,
      -0.0013979775831103325,
      0.0012794585200026631,
      -0.0007043574005365372
    ]
  ],
  "r_sin": null,
  "z_cos": null,
  "n_field_periods": 3,
  "is_stellarator_symmetric": true
}
