{
  "r_cos": [
    [
      0.0,
      0.0,
      0.0,
      1.0,
      0.2998406753373,
      0.03649815683272709,
      -0.0023934004574476322
    ],
    [
      0.004923194200362755,
      0.0019538314697309803,
      -0.030393426440835376,
      0.2903510547261398,
      0.19061716901012418,
      0.010663078794311078,
      0.0004915361883997499
    ],
    [
      0.004461085403616445,
      0.0018480423209113024,
      0.008322853001526121,
      -0.0016888734032345434,
      0.029738966870065234,
      -0.017367616857085766,
      0.005096201721111707
    ],
    [
      0.003660255000690111,
      -0.0008161620102724097,
      0.002659988210077753,
      -0.0011090243735975415,
      0.0014976808264200786,
      0.0006788200984889833,
      0.003049742178214439
    ]
  ],
  "z_sin": [
    [
      0.0,
      0.0,
      0.0,
      0.0,
      -0.18809278786125713,
      -0.004276023017828923,
      0.004322589614437422
    ],
    [
      0.0034290834645214264,
      -0.0009718600955131964,
      -0.04584371642254841,
      0.33895425254520006,
      -0.11542379428754948,
      -0.006266355167467825,
      0.004540925438226553
    ],
    [
      0.002276104811351958,
      0.007696920953052154,
      -0.00560829420301698,
      0.01756845689719225,
      0.019251214823981313,
      0.02607207531935209,
      0.0012839605524015184
    ],
    [
      0.0005920371380011517,
      0.003256903574999701,
      0.0007021997737304861,
      0.0034139505822126832,
      0.0017613753357548154,
      -0.0013703743967947743,
      -0.0017751147642294824
    ]
  ],
  "r_sin": null,
  "z_cos": null,
  "n_field_periods": 3,
  "is_stellarator_symmetric": true
}
