{
  "r_cos": [
    [
      0.0,
      0.0,
      0.0,
      0.0,
      0.9995558823937495,
      0.3145330963488296,
      -0.004852928784117629,
      -0.00047853952359897824,
      0.00014028553286944676
    ],
    [
      0.000021060845809522364,
      -0.002388888945772252,
      -0.0010920699762301598,
      -0.05996056988781852,
      0.23806626206705117,
      0.07010624141600151,
      -0.033894859150088635,
      -0.0012720520309685694,
      -0.000050072995382135404
    ],
    [
      -0.00002976790108589305,
      -0.0010127528261545883,
      0.008465486468268894,
      -0.006310050622106053,
      0.0128452270223199,
      0.02530181645810451,
      0.006091523234460731,
      0.00565240857271131,
      -0.00032247654969053596
    ],
    [
      -0.0003888882937781785,
      0.0018218548283231357,
      -0.002840763720249511,
      0.0032172323881555598,
      -0.0033687428407382773,
      0.002863825062724969,
      -0.005816666077603838,
      0.0009256425022956663,
      -0.0002877872969561021
    ],
    [
      -0.00013658292209028756,
      -0.00007042647920381733,
      -0.00006935339102604978,
      -0.0001244163207941789,
      -0.00007477946631789192,
      -0.00005831881587033492,
      -0.00016619735821620698,
      -0.00016649013451299212,
      -0.0007501798039450527
    ]
  ],
  "z_sin": [
    [
      0.0,
      0.0,
      0.0,
      0.0,
      0.0,
      -0.36736678272076023,
      -0.009828810099230176,
      0.0004982425415133734,
      0.00008644411436041787
    ],
    [
      -0.00021602389026697613,
      0.002847751999147193,
      -0.01208084403849006,
      -0.05624644212913916,
      0.24528675315533016,
      0.01182189736817721,
      0.0336478912876403,
      0.0005027013352311548,
      -0.00028171017743040865
    ],
    [
      0.0006188150130163509,
      0.000015920855717569947,
      0.020426156577576828,
      -0.009570454955266509,
      0.023644042506073312,
      0.017426508469963166,
      0.031709641217604306,
      -0.0023390750650408433,
      -0.00024311048443483493
    ],
    [
      0.0003870730360700077,
      -0.0009175007090995068,
      0.002521660978642012,
      0.001806962902903796,
      0.0025192968173819814,
      -0.0006078143812159401,
      0.004011430543081693,
      -0.0020981770377926034,
      0.0006578046099116529
    ],
    [
      0.00032816129511889795,
      0.00032458687845763744,
      0.00013024726999364151,
      -0.00002563149052308753,
      0.0005763852814010589,
      0.0000299758983824296,
      -0.00013731262409596802,
      0.0005398654842558058,
      0.00023806074423673925
    ]
  ],
  "r_sin": null,
  "z_cos": null,
  "n_field_periods": 3,
  "is_stellarator_symmetric": true
}
